Material,Position,Temperature_K,Ion_Mobility_cm2_Vs,Conductivity_Factor,Diffusion_Barrier_eV,Jump_Frequency_Hz,Path_Length_Angstrom,Ion_Phonon_Coupling,Local_Distortion_Index,Channel_Volume_Change_Percent,Defect_Ion_Interaction_eV,Entropy_Change_J_molK,Enthalpy_Change_kJ_mol,Gibbs_Free_Energy_kJ_mol,Phonon_Scattering_Rate
Li6PS5Br,Interstitial,300,0.0005256414857771358,1.0120865695576886,0.1907221792617061,4787247382081.594,4.80501450248121,0.3847872114803969,0.25767565492550787,0.21707350407788625,-0.01720684722091677,-0.052784045375205674,0.34818985730186114,0.36402507091442293,0.7127114386185059
Li6PS5Br,Interstitial,350,0.0004990518601357903,1.0152819173671195,0.19790626451543628,4997060021416.222,4.7624815918309835,0.3752188766530797,0.22949939645735243,0.17857790812609892,0.03273340475705888,-0.052901239273296076,-0.8505952347509403,-0.8320798010052867,0.6879498055337563
Li6PS5Br,Interstitial,400,0.0004887499369402386,1.0154405999466876,0.19328976665783396,4931847717350.961,4.826975914229875,0.3824517521914665,0.26490721556359037,0.148034813390656,-0.030086921721179608,-0.26390430201040604,4.644518395762706,4.750080116566868,0.7245433052906195
Li6PS5Br,Interstitial,450,0.0005103862860666139,0.9827264359480103,0.19238572268426024,4856648690403.135,4.618292330899153,0.37085084099583865,0.24762577598825866,0.17617260689171674,-0.027177319666424584,-0.05506044263464123,1.2075251737430013,1.2323023729285896,0.743863326260231
Li6PS5Br,Interstitial,500,0.0004862820611786754,0.9896867259782635,0.19893428595863138,4874343926760.32,4.592152494103059,0.3848614780110277,0.25346043303866467,0.1746854637571707,-0.007455357486760747,-0.11197660235484252,0.13326145380751483,0.18924975498493601,0.7262165299824991
Li6PS5Br,Interstitial,550,0.000495507011324339,0.9801001626753582,0.20083002629534202,4816759776750.709,4.608180126057005,0.36621870649490595,0.2491050013580419,0.21134957816141875,0.00698735636700612,0.9489135630433972,-0.06345628938212355,-0.5853587490559922,0.7953380507868512
Li6PS5Br,Interstitial,600,0.0004706223474271466,0.9861225871294829,0.20287087815918103,4659792774670.281,4.59285607085857,0.40124796515322286,0.2507936428238003,0.21292353597953712,-0.015042300726264059,-0.29565904733743575,2.614991104530513,2.7923865329329742,0.7236486612594032
Li6PS5Br,Li-site,300,0.0005124579846845041,1.0040760217711056,0.20329930842231994,5087597196704.323,4.64915541053077,0.3985606877548182,0.25017396858553886,0.20422086332509823,-0.014769329909216991,-0.07186354910341333,0.9479928326059205,0.9695518973369445,0.7447016695093619
Li6PS5Br,Li-site,350,0.0005489292484784655,1.0137456060334087,0.19950723830925698,4914606121208.75,4.749603653378482,0.3767096455827578,0.26183838189887687,0.22296197934337525,0.01649973401141915,-0.6050211159310306,-2.1775861343189824,-1.9658287437431212,0.7316325389760377
Li6PS5Br,Li-site,400,0.000513857074362394,1.0029455210094076,0.20186177048562112,4807041800423.678,4.729979064500573,0.37192104324208675,0.240628061728678,0.2081173869701889,0.00342093908415126,-0.37120536886464606,0.9300017486966732,1.0784838962425314,0.7100925999832206
Li6PS5Br,Li-site,450,0.0004818811813416205,1.0058886059274061,0.1930909552310621,4931429225554.849,4.686146885703342,0.3620742612907933,0.2529319988695114,0.2137398263299481,0.020828137015319242,0.08504150387001239,3.3159166818847847,3.277648005143279,0.7426870050345877
Li6PS5Br,Li-site,500,0.0005033009464930602,1.0004276733668085,0.19273947732843233,4969367468777.923,4.776993732758214,0.3907942573663931,0.2506273052542023,0.1996930153843206,0.04227768067510349,-0.348539462793598,-0.7972006482341648,-0.6229309168373658,0.7857959561029276
Li6PS5Br,Li-site,550,0.0004905855149722751,1.0171761108776192,0.18875619499010526,5226204938412.285,4.7416853221508966,0.37769701343956746,0.25244452591255306,0.2021401830958409,0.012569239327419815,0.43062598718010836,0.9371756744957722,0.7003313815467126,0.7706643514108519
Li6PS5Br,Li-site,600,0.00048037422841971277,1.0213795013934328,0.1901007435198263,4773616298456.995,4.424716306568186,0.3519964589565775,0.23748493694697972,0.19180501420351123,-0.03829131124574537,0.06758257827061906,2.673602616252794,2.6330530692904226,0.7554622325289748
Li6PS5Br,P-site,300,0.0004918656011945084,0.990920067769042,0.20087078968473523,4600400122588.446,4.794347570599835,0.38465258950710646,0.25579721733670613,0.17043358921448354,0.003328982653059971,0.7118950034867206,-0.6597971766726862,-0.8733656777187025,0.7632610575654332
Li6PS5Br,P-site,350,0.0004602527533910979,0.9900152080658734,0.2007872433590271,4879822998813.45,4.640278987118073,0.38004097361786565,0.254028801123382,0.19632722751551362,0.050010706015428785,-0.6040741106563364,0.8667305739804606,1.0781565127101784,0.7347046212386502
Li6PS5Br,P-site,400,0.0004978519013940276,1.0039347959459743,0.19281328507412862,5018846929301.521,4.669514857226981,0.3826467996713893,0.24714358813918533,0.17185384462985762,-0.02822213667056986,-0.06867804049980769,-3.2858364593727147,-3.2583652431727916,0.7129891421628328
Li6PS5Br,P-site,450,0.0005156171412162171,1.0071994445714003,0.19360106393312043,5035428899305.154,4.649504319500605,0.37065552720991946,0.2512382198451851,0.20247346449093293,0.020565707952889253,-0.0032843188768016183,-0.6704244361478292,-0.6689464926532684,0.69027617071455
Li6PS5Br,P-site,500,0.000518260817575078,1.0207608766717207,0.1895840139190015,5272996154232.839,4.750748870363952,0.3939515269963576,0.24263387424182387,0.1532879076654688,-0.023120981306432753,0.5700296064055734,1.0585888007734054,0.7735739975706186,0.7378765144551507
Li6PS5Br,P-site,550,0.00048049414632874115,1.0080911640446915,0.19650382996867846,5192612295121.522,4.822848763439224,0.3703910057094067,0.23554921909855053,0.2050598687390983,0.021763313246007967,-0.416428537340282,1.901369721977931,2.130405417515086,0.7364068981489496
Li6PS5Br,P-site,600,0.0004946840737866129,1.0206915401817513,0.19201246149879472,4763886110073.69,5.021057965670631,0.3567386319640536,0.24901757515905532,0.20778003015771465,-0.0038593389433498083,0.14168560011108133,-2.9241479158937898,-3.0091592759604384,0.7698358566843596
Li6PS5Br,S-site,300,0.0005238501368203917,0.9962936102292979,0.19945927242075284,4727440538647.205,4.767803359557474,0.3952203339881429,0.2604749680844115,0.20702281699724073,0.023781856966971434,-0.3693891789599363,3.195525773566549,3.3063425272545297,0.751285059354302
Li6PS5Br,S-site,350,0.0005063819295745903,0.9912268365705577,0.20017818758965938,4929402826684.703,4.661078193551944,0.39616033661265193,0.25072577058815265,0.13244140830921708,-0.01683999248096807,0.2903367756155103,1.1972274138609995,1.0956095423955707,0.7281866267195003
Li6PS5Br,S-site,400,0.0004996036691922257,0.9894670272065166,0.19614758160309725,5063192534792.461,4.724938600086575,0.40053232658322896,0.2613124665323474,0.17449822729677844,0.010505173208904171,0.018766887204597755,-0.18714330720398537,-0.19465006208582458,0.7355528648173523
Li6PS5Br,S-site,450,0.0004923909770786857,1.0142531462749658,0.19621630263448864,5215438557360.305,4.6746346782429775,0.375149918991105,0.25467388675217684,0.1827320500263494,0.001520937882810036,-0.8704045581644948,-0.9625633957439751,-0.5708813445699522,0.7289793773329103
Li6PS5Br,S-site,500,0.0004925773815015899,0.9890964469558647,0.19454396828397227,5368264435098.557,4.648208389727517,0.3894874040324155,0.2688299688833058,0.20745368040066303,-0.021022774894518516,-0.55395672551609,-4.148696647924474,-3.871718285166429,0.8378739287186328
Li6PS5Br,S-site,550,0.0004882355975825076,1.004197269024017,0.20640834340735703,5119136706569.557,4.495443178849587,0.3856013219044261,0.25920433348827177,0.14829132536901563,0.030250496782253847,-0.019405440173887015,-0.3054222248570041,-0.2947492327613661,0.739970154585426
Li6PS5Br,S-site,600,0.0005260789492024089,1.0182285348231284,0.19946877867565507,5195384268371.856,4.887420604271749,0.37966769909115444,0.25297606902420877,0.18144355538900878,-0.005785396439972757,-0.4032377167109369,3.205591155753502,3.4475337857800645,0.7528513073578084
Li6PS5Cl,Interstitial,300,0.0005026819085483259,1.0222112611217216,0.20181931827689664,5347884642643.596,4.754193765437899,0.3996158368323716,0.2529726190728571,0.22930235874153415,-0.010459344387468351,0.19046711671372704,-1.5591764118266307,-1.6163165468407488,0.7456277472488033
Li6PS5Cl,Interstitial,350,0.0004996152066184699,0.986896410190396,0.19885570711363812,4931430044530.4375,4.55692598753762,0.4002577046634292,0.26118802567902705,0.18608838296026917,-0.010212368435462483,0.2529138006157582,-1.6530440631394332,-1.7415638933549484,0.717732817751131
Li6PS5Cl,Interstitial,400,0.000526066763619028,1.0000050230661333,0.20110389502784298,5064662439081.769,4.955120441119173,0.38330666652483114,0.25512961343640683,0.19836844516588514,0.03247344931721058,-0.09285977741379206,-0.026800728140474284,0.010343182825042542,0.7155830824061652
Li6PS5Cl,Interstitial,450,0.0005070134907387664,0.9773780577974384,0.19668879357114105,4566841045534.955,4.615213293249135,0.40886836453298536,0.25718563660620547,0.18895143987102628,0.03389211625231756,-0.04678725869043814,-0.7142868001693244,-0.6932325337586273,0.7588815315170169
Li6PS5Cl,Interstitial,500,0.0005171294757283413,1.0035535975067877,0.20179058839650252,4967610426696.262,4.534527451430341,0.4008703484879685,0.2614307171372793,0.19463106288302476,0.01660496060681829,-0.3285375205660861,-0.6053351907431033,-0.44106643046006033,0.7510444015875448
Li6PS5Cl,Interstitial,550,0.0004807691373195264,0.9994167914161762,0.19671753726811275,4817701967614.071,4.744524401521343,0.3935155796184173,0.26377466862395127,0.2200403478198864,0.015992489783479794,-0.22232641758327326,-2.426324547899491,-2.304045018228691,0.7634426935075361
Li6PS5Cl,Interstitial,600,0.00049203739424173,0.9988490807994089,0.19678862058786148,5067068867093.223,4.970092635351819,0.3853513733419513,0.2568449945361535,0.23092301671365206,-0.006458695803163227,0.6843118749186888,-0.467876521003566,-0.8784636459547793,0.726490619501256
Li6PS5Cl,Li-site,300,0.0004992098012901139,0.9954843488752687,0.18794314839295842,4827398635795.394,4.776400721951464,0.4001766068932951,0.2529027393218135,0.23339204593580576,0.0036060772719213544,0.7777599848456871,-1.4342019096934167,-1.667529905147123,0.7049385873269278
Li6PS5Cl,Li-site,350,0.0005109871479383517,1.0164710626967526,0.1987047491829722,5079058167138.058,4.638773080737765,0.3776873250451468,0.250112043906118,0.16540200942106922,0.006625676261925441,-0.2211482389923895,0.11538840324715532,0.19279028689449168,0.7072618886656881
Li6PS5Cl,Li-site,400,0.00048286353813210316,0.9892924978520342,0.19054257962604526,4735911573950.332,4.77535190290115,0.38474113717947245,0.2642919893280811,0.22780930281687076,-0.022930811737274525,0.011366424527430054,-3.4820645159577417,-3.4866110857687143,0.7219277182891352
Li6PS5Cl,Li-site,450,0.00048127417323305996,0.9979237331020473,0.20728540375064658,4722988203269.372,4.640333927235545,0.39022669295768475,0.26983268878783506,0.20253422089907808,0.04783957391161473,0.43927921622728994,1.02281191974867,0.8251362724463895,0.7272692919393661
Li6PS5Cl,Li-site,500,0.0005284308701820995,0.9863737534351158,0.19147896816068782,5014509360534.538,4.761574516845314,0.38072622561284664,0.25815720726625385,0.20705114697978444,-0.022797717023022423,-0.21379184787177996,0.6295412256432193,0.7364371495791091,0.751154223011569
Li6PS5Cl,Li-site,550,0.0005203558126776879,1.0112917338061775,0.20361996850797218,4830434249263.454,4.811662921731484,0.37458921241550014,0.2594673629952827,0.22259010047172073,0.024532059919974508,0.09542772261190292,-1.9595248015916635,-2.01201004902821,0.7431239691929566
Li6PS5Cl,Li-site,600,0.0005140352295095003,0.9727470386615528,0.20606366847413177,5143389685408.771,4.664494320541156,0.40390523554259705,0.26221879250973845,0.20989189534239144,0.010573850717075006,-0.23976465487252754,0.00127333819395464,0.1451321311174712,0.7218456008603946
Li6PS5Cl,P-site,300,0.00048101873011545285,0.9973099298322059,0.18231653039855214,4782474779238.66,5.015957873610103,0.39213942916549666,0.2531755727379339,0.18979503829863015,0.007369745558953391,0.06628538132128979,-1.4885377285568173,-1.5084233429532043,0.733416756540533
Li6PS5Cl,P-site,350,0.000524426767314541,1.0139143251299776,0.18954844544992677,5440050131105.581,4.753349919305337,0.3765601434123418,0.25417450468968505,0.22235840578871832,0.010008510966222628,-0.08577999438400458,3.6228607037010963,3.652883701735498,0.7228472964266893
Li6PS5Cl,P-site,400,0.00048471504434305395,0.9841088407042704,0.19109885835696683,4719115710249.807,4.601066754130584,0.3914313149392562,0.2518237728133371,0.1837240612036832,-0.0032467438199265362,-0.8493008083944578,-1.562882599926381,-1.2231622765685979,0.7803886412474942
Li6PS5Cl,P-site,450,0.0004911541543716797,0.9780822486510283,0.20698753342467685,4887239669702.877,4.451247893893968,0.39640711744646645,0.24619206306927535,0.18913815465973208,0.019178429469825155,-0.4952334938924652,-0.38528786017204825,-0.16243278792043878,0.7403128060900829
Li6PS5Cl,P-site,500,0.000512658623688594,0.980415756552129,0.20029850198960097,4571264659026.733,4.6301545273919675,0.3909282295668571,0.26486928219821504,0.2144510095369051,-0.007952243209258858,0.3584951666522789,1.7321397639447538,1.5528921806186142,0.7827237461271064
Li6PS5Cl,P-site,550,0.0004921448708139394,1.0068499305461975,0.19267601784295624,5257130421678.453,4.744574166231001,0.37929238968248075,0.25779782176373667,0.21582592116983446,-0.03364972738582815,0.055257366633269446,1.2130396998228798,1.182648148174582,0.7438030969595028
Li6PS5Cl,P-site,600,0.00048507303753367553,1.0095669242673386,0.1947750213145981,4845073924257.983,4.666099016613029,0.4028892206892603,0.2426915219345769,0.22384522846235172,0.013738969375959349,-0.3593005795400684,1.0108133481173014,1.2263936958413426,0.7695248975644121
Li6PS5Cl,S-site,300,0.0005348858972324354,1.0089723256620087,0.19525831319940778,4740735282806.162,4.695368826297308,0.38941422438980894,0.2601120835122834,0.23223875710677516,-0.011386028566229734,0.08310162135564125,-2.0513921064900598,-2.076322592896752,0.7147652337468516
Li6PS5Cl,S-site,350,0.0004619204995036206,1.0143643882647293,0.19982641839080537,5337710575072.323,4.824278900967636,0.38966867308044434,0.25399623764562734,0.21806789275688493,-0.02164006860322573,-0.9438689414661723,0.3436962773355882,0.6740504068487485,0.7816607817295423
Li6PS5Cl,S-site,400,0.0005113602697327315,0.9996913924932428,0.1885484644494844,4870176904507.408,4.615814966146589,0.37680670173183306,0.259960136427863,0.19221080780012895,0.013804530210394851,0.12437917062381391,-1.5814885082638188,-1.6312401765133442,0.7155685498577902
Li6PS5Cl,S-site,450,0.00048309557088701795,0.9783024653800124,0.1860279978813664,4730354698831.302,4.63040822276314,0.38439826815861394,0.24247764150186701,0.21535874811200448,0.028503947687517624,0.20188571940035854,0.9411244105864408,0.8502758368562795,0.7678216696493646
Li6PS5Cl,S-site,500,0.0004947822110232364,0.9929450982930669,0.19470042041080202,4481486657431.418,4.838326465797396,0.3587342558063498,0.25686245087797227,0.2025905685159073,0.01701978821312068,-0.1780126472781515,1.9159779408676019,2.0049842645066778,0.7498729278846004
Li6PS5Cl,S-site,550,0.000502026647253713,1.0094471979677924,0.19377271657809234,5340706664174.029,4.771809595225531,0.3862572876641651,0.24457498065185673,0.20641450218270527,-0.008841034834139455,-0.7041852720811931,3.3838595460906755,3.771161445735332,0.7665529202690055
Li6PS5Cl,S-site,600,0.00046893138057622365,1.0077943099726923,0.2104387049739082,5185360935035.404,4.7877434605155065,0.3802809038979198,0.24791683512485174,0.21501564031361656,-0.0302764543011586,-0.05460610757744375,-0.33994873235172235,-0.3071850678052561,0.7461503474915887
Li6PSe5Br,Interstitial,300,0.0005047874938114346,1.0049251859036525,0.18997806140329884,4936699279872.237,4.775362605450172,0.3777562492960015,0.2529281982450571,0.220049053302305,-0.06991668472108836,-0.08747798812410454,5.571453882004256,5.597697278441488,0.7534586170920525
Li6PSe5Br,Interstitial,350,0.0005272851805794318,0.9904628070427995,0.19631557912952763,4955117177829.433,4.568470749418616,0.3644040631156405,0.2586367940703002,0.20662651970154058,0.004914497643494478,0.6131424500669097,-0.06383060506760303,-0.2784304625910212,0.7474046159076316
Li6PSe5Br,Interstitial,400,0.0004861736597672286,1.0099925644395977,0.19345553730641402,4881882106365.305,4.7500696545366905,0.36656341798364733,0.24727409431396896,0.2039760193262011,0.0134847897794023,0.4623867352945548,-0.2645652349048122,-0.4495199290226341,0.8058393225006238
Li6PSe5Br,Interstitial,450,0.0004966902737727588,0.9909106902644045,0.19748486171257765,4515658976144.106,4.656319213387956,0.40278492181664266,0.25533521246629204,0.21593086983888343,-0.04323995419837037,0.29518298908977364,-0.21678120559049172,-0.3496135506808897,0.7175537655616341
Li6PSe5Br,Interstitial,500,0.0004665243479859366,0.9953299653245749,0.19957826416677052,4841355036108.496,4.570169466916265,0.3838261306834118,0.2606708431313627,0.22110077818428323,0.03621281982886227,0.0955133337184773,4.10073835429785,4.052981687438611,0.7466446321221022
Li6PSe5Br,Interstitial,550,0.0004905509429629205,1.0083331438041276,0.17985032101037393,4867208641446.612,4.642698434044452,0.37931487272661557,0.2440406846395137,0.2071789442771666,-0.009466261598975253,-0.6901905134629979,0.692599185545713,1.0722039679503619,0.7582585755834594
Li6PSe5Br,Interstitial,600,0.0005039489270397572,1.009669754378376,0.20804420200839388,4939776484688.122,4.646889028414997,0.39854368435268833,0.2583663964335362,0.20887719250111247,-0.020632362611007614,-0.023726153191012476,-1.7129014011288923,-1.6986657092142847,0.7901624692958281
Li6PSe5Br,Li-site,300,0.0005472593077596561,1.0191037938775651,0.1938200882884173,5342981246406.449,4.702876369568341,0.38340881297898793,0.27259666001331384,0.18975824847539835,-0.03887003273509575,0.4300170675806289,-0.3397246524056756,-0.4687297726798643,0.7247096808997381
Li6PSe5Br,Li-site,350,0.000524200086193527,0.9860278015249758,0.20252082066791144,4853550748475.367,4.779298195877771,0.3854593507042472,0.2501924872435456,0.19005511742203443,-0.002478332101366637,0.20021676573783045,-0.26653252478004713,-0.33660839278828786,0.73371693064299
Li6PSe5Br,Li-site,400,0.0005293795312535315,1.0178022009342902,0.20241015747684254,5287590335245.795,4.864428678032298,0.3887341325910822,0.27004340021985573,0.14758851702441467,-0.0074110697624742315,-0.5750935555414439,0.25790137695609455,0.48793879917267186,0.7088070143156919
Li6PSe5Br,Li-site,450,0.00048163174645821284,1.016951002181166,0.18910646824229382,5187195934607.919,4.729300422209087,0.39273152687846513,0.2462414638465404,0.20289066897851635,0.04875426189591481,0.08754077699248017,2.8965348845825645,2.857141534935949,0.7211173924153607
Li6PSe5Br,Li-site,500,0.0005041048396068964,1.0214451394065864,0.18493774472873317,5147026255400.542,4.741350728350028,0.3989557788018396,0.25802504032788615,0.21407970676816088,-0.03263516472129434,0.0420083159947303,-1.318643801882311,-1.3396479598796762,0.7706273531821447
Li6PSe5Br,Li-site,550,0.00048495974961010107,1.0243016733987687,0.1972158226564016,4957090343708.156,4.769425622881704,0.3937519582098528,0.24335967679111148,0.19248728110375582,0.02320705882973412,0.2659202774843784,-0.14816511549970787,-0.2944212681161161,0.698833539405434
Li6PSe5Br,Li-site,600,0.0005082963631952522,0.998797494995621,0.18882108182970248,4899263648978.688,4.571871093312157,0.39520710506886897,0.26918471612659045,0.2034725335813091,-0.005565976165291894,-0.36115379692331767,-2.162835052728473,-1.9461427745744821,0.7287828286418867
Li6PSe5Br,P-site,300,0.0005420162786194193,1.002036730362343,0.1936863963479737,5243762272983.395,4.662122670496477,0.37472006686023984,0.25152828134839966,0.22071279108616473,0.021559905534639823,0.21882215108172762,0.16544253272184412,0.09979588739732562,0.7257317484470213
Li6PSe5Br,P-site,350,0.0004907404759600873,1.0283179636659627,0.19456420978348082,5395015937178.042,4.66658834817619,0.38761033497903896,0.23424213090556706,0.1977087780888378,0.04003957168882645,-0.2571063789798638,0.19913140815308206,0.28911864079603433,0.7253994713025284
Li6PSe5Br,P-site,400,0.00048593215253155185,1.0048303505140577,0.19337197158855293,4660264664477.906,4.859820374161661,0.3817619856388823,0.2609441838642662,0.15637471223324523,0.02447896224308927,0.06576816769818766,-0.7586794001002716,-0.784986667179547,0.7653007135773908
Li6PSe5Br,P-site,450,0.00047214007784046114,0.9919573890767356,0.19981982015227054,5046115866140.4375,4.756777889035657,0.3811850443701528,0.261193132747419,0.24832374905193322,0.03391885617323004,0.5636930129330237,-4.447575853147338,-4.701237708967199,0.7459174845282929
Li6PSe5Br,P-site,500,0.0005100012572879899,1.004487459528032,0.20421127439392497,4847300450077.984,4.874507140450971,0.39010796418718674,0.24461050698224218,0.15408266373729418,-0.006461408727053858,0.19481937775006605,-0.39845728169227956,-0.4958669705673127,0.7471297049385347
Li6PSe5Br,P-site,550,0.000468517839479397,0.986841262150478,0.2079453837848396,4774918535948.677,4.741584295694641,0.4049201058343754,0.26504056508773954,0.21579693842307862,0.021475042304839577,0.3098047531316493,-1.5508982141797882,-1.7212908284021957,0.7234153727381143
Li6PSe5Br,P-site,600,0.0005209514225746234,1.0186954744260952,0.19134117266572054,5110990803825.414,4.635979282360101,0.39464404171326717,0.25283414707743357,0.18150158801768396,-0.02064113909345579,-0.09856323626903048,0.44760481148859377,0.5067427532500118,0.7550732417341605
Li6PSe5Br,S-site,300,0.000497984678471134,0.9959657292681107,0.19639381992296664,5022155823823.216,4.682152529204967,0.3854562423103005,0.2588880352005296,0.1492011784841263,-0.028753927730496634,0.7380337546308544,-2.9603033560883802,-3.1817134824776363,0.8015437261843601
Li6PSe5Br,S-site,350,0.0005166307329904365,0.9849409290090724,0.1955743875856859,5080915483656.813,4.492278003093869,0.39619443885018774,0.24635200913091174,0.2411928494587208,-0.005420278954576535,-0.40485941957048144,1.6365122975198416,1.7782130943695102,0.6831577343417481
Li6PSe5Br,S-site,400,0.000487334200763427,0.9867935585176659,0.2053065242320746,5095426591203.981,4.699107983650282,0.4074416003203571,0.25718370151904285,0.21089433750769854,0.024311073889433498,0.8446538769600466,-3.7825574287527646,-4.120418979536783,0.7266710530692676
Li6PSe5Br,S-site,450,0.0004751315969865543,1.0056208070285093,0.1931400148676302,4887076822732.485,4.585328350899839,0.3843555289045514,0.24484270855806922,0.23007703638553112,0.007546708237144877,-0.11861702890948778,0.7795389829825198,0.8329166459917892,0.734583522249124
Li6PSe5Br,S-site,500,0.0004910342357988619,0.994989161783938,0.19211394451483974,4947544078963.946,4.6040714185587905,0.3973458991817822,0.2574164634712413,0.22424834322640363,0.013492288564671885,-0.2098049468878378,0.8040446346432486,0.9089471080871676,0.7441500429888456
Li6PSe5Br,S-site,550,0.0004992965699935105,1.0078563991663705,0.20260063294702746,5205653133704.457,4.638050849799359,0.3588984323603106,0.258849329253496,0.1794134297657153,0.027753712576890296,-0.2782868369677909,1.8766454315705152,2.0297031919028,0.7854526497225426
Li6PSe5Br,S-site,600,0.0005308794338765064,0.9925668389873282,0.1940494557496453,5026060158632.055,4.635190676438962,0.3728733791128298,0.24493952464108273,0.20007935391762785,-0.010857627844142728,-0.25794737661080763,0.10610535317622696,0.2608737791427113,0.7630987907679099
Li6PSe5Cl,Interstitial,300,0.0004980685677670493,1.014485677206102,0.20616464349880395,4800888544905.347,4.635590269209251,0.38157290242291625,0.25124787787330977,0.20948833129844413,-0.037752117215520714,0.195587844895943,2.708978205696775,2.6503018522279924,0.7333964796844891
Li6PSe5Cl,Interstitial,350,0.0005189112259723674,0.9932395183376069,0.19919837747282215,5046090757251.755,4.655705433171805,0.3864102780968498,0.25608755385180304,0.22987823913833869,-0.0043911956959544855,0.2809176181436319,3.0255958134982275,2.9272746471479563,0.6940520902495775
Li6PSe5Cl,Interstitial,400,0.000497165164915376,0.9893513839805533,0.18983044468976934,5209077578287.571,4.602572461780023,0.3851169206171684,0.24518430416437478,0.22258281892222545,-0.01857050832365687,-0.1694006768430825,1.343258793585511,1.4110190643227436,0.7548983620515352
Li6PSe5Cl,Interstitial,450,0.0005100332017070682,0.9991067260184429,0.20016443745477724,5169784570655.619,4.746867705788105,0.3736132284610636,0.24311624760905232,0.1620443157146459,-0.02184733576130638,0.20991682988337237,1.4188403295717844,1.3243777561242667,0.7530896585196926
Li6PSe5Cl,Interstitial,500,0.000462523369477377,0.971863222433446,0.20200951709558662,4562417533885.862,4.5689019055340445,0.39113896839944795,0.2644517940317202,0.22771650859215606,0.016303384359134997,0.6507668560143403,-2.5516799212006576,-2.8770633492078277,0.7126523517778954
Li6PSe5Cl,Interstitial,550,0.0005157440190436203,0.9894233231012464,0.1913568480552033,5144592414028.109,4.666639364233028,0.3851389108985754,0.25527455683599554,0.25092015025561726,-0.035754068317893,-0.3762784498209814,4.323883864929124,4.530837012330664,0.7700774148153497
Li6PSe5Cl,Interstitial,600,0.0004947186959519832,1.007049756192038,0.18004430427699675,5005088943937.15,4.47134925001222,0.3816508437844048,0.24713408214328214,0.19095028213503432,0.01952490213408253,0.1355100508661764,-4.967976978460548,-5.049283008980254,0.7730906189587561
Li6PSe5Cl,Li-site,300,0.0005348393781649286,0.9847522262290686,0.19007957496896535,4831031783605.559,4.803046792834655,0.4020248114842635,0.2543891719724303,0.22601199219125565,0.006050370276460306,0.13491079923246366,1.7098620115972405,1.6693887718275016,0.7356950098376436
Li6PSe5Cl,Li-site,350,0.0005207134209310717,1.0029005969184166,0.19840694150403534,5083208980708.324,4.558084206552946,0.36827876288325306,0.26237560005169774,0.21820283913239857,-0.005143922778299657,-0.5567783532009845,3.0567419794398596,3.251614403060204,0.7243885619471958
Li6PSe5Cl,Li-site,400,0.00047336467108936105,0.979408376593875,0.1850049512795395,5016562435410.3955,4.584329348087481,0.3824995849730033,0.26333631683634334,0.18130035599697053,-0.005736087512956948,0.3788638644632606,-0.31369222873648794,-0.4652377745217921,0.7177623973840789
Li6PSe5Cl,Li-site,450,0.0005266145293346522,1.014196344588914,0.19894131233864124,5249434562860.848,4.904658285892783,0.39823189489690636,0.245259340935937,0.22126091053586214,0.03291926048271746,0.02965589723573082,2.420800844661519,2.40745569090544,0.7286917634065099
Li6PSe5Cl,Li-site,500,0.000479527054006227,0.9988483119142023,0.18126906785661684,4952279494730.366,4.5165591363963635,0.39459273719851856,0.25554404509474876,0.19219490560962532,0.007310835031633954,0.13256221936395174,-0.22790541345536822,-0.294186523137344,0.7467487410954636
Li6PSe5Cl,Li-site,550,0.0004639217361691933,0.996155079246574,0.20411321456500536,5136009106202.715,4.5685368034880325,0.40189469462517036,0.23495615599208428,0.2083203329540612,-0.037754266490115734,0.4722756418859765,0.4973035795331848,0.23755197649589777,0.762696869229401
Li6PSe5Cl,Li-site,600,0.0005235175551798752,1.0221571172463346,0.20034878183388652,5063538778708.991,4.662704201509235,0.3642734366373384,0.25647371895095167,0.1826895341174455,0.034712688883699626,-0.1204688853888211,-2.626890409924356,-2.5546090786910636,0.7007784827899148
Li6PSe5Cl,P-site,300,0.0005087435459616921,1.0014160415094175,0.1929046469875341,4970181712878.136,4.617187179356567,0.40191809354433533,0.2594135620246569,0.21965369345787966,-0.010268285018046082,0.4124588467308447,-1.3673294420727051,-1.4910670960919583,0.7443043230827032
Li6PSe5Cl,P-site,350,0.0005101225874614765,0.9882041231016305,0.19722398973550465,4873767335838.807,4.573879237862159,0.4084527209072354,0.2537447542959703,0.23460730198675694,-0.032911119022259454,0.25771341315236856,2.338822152103846,2.2486224575005176,0.7706863216626666
Li6PSe5Cl,P-site,400,0.00046423957755040954,0.9913064077306116,0.19707916443941734,4977390885398.259,4.529607601535386,0.410105351739757,0.258429035912222,0.2349392602648239,-0.04201160605484475,-0.15124862334807518,1.5738386247349307,1.634338074074161,0.7712109490343507
Li6PSe5Cl,P-site,450,0.0005173227143114422,1.0138114827966545,0.1934432284098057,4873225974086.91,4.684636085054308,0.40243275352816393,0.24653698790651885,0.2663109889517109,0.01951658781411462,-0.07331113522075862,1.797805792113336,1.8307958029626772,0.7501980400509356
Li6PSe5Cl,P-site,500,0.00047619875455624924,0.9856923492817103,0.20373875308486003,4789173625287.581,4.5473904887791425,0.37315356982958614,0.2530819253947961,0.20731919927471337,-0.003472337417910875,0.49952765634932117,-0.7388989071268823,-0.9886627353015429,0.8027905960301431
Li6PSe5Cl,P-site,550,0.00045740716617538536,0.9658245523024376,0.21148248572862285,4617291818785.694,4.601531910943302,0.38773862000739406,0.26510621871769696,0.19848558250689693,0.02447140631412658,-0.0498676270486929,-0.7539408643824315,-0.7265136695056506,0.7533326040118717
Li6PSe5Cl,P-site,600,0.0005139213873603805,1.0110552293151562,0.2058113525075077,5020356892889.359,4.80124943332714,0.37546615688028606,0.25380259637759384,0.19890518764671508,0.015209039290997983,0.6705018195044965,-0.9970744276203481,-1.399375519323046,0.7495067008602334
Li6PSe5Cl,S-site,300,0.0004917936446259146,0.993991681663084,0.1937965051901627,5147794794669.308,4.92800150321913,0.39524460143543905,0.25590858966786056,0.20365911082419952,-0.0005107964419629043,-0.7500690627202905,1.1035874352381407,1.328608154054228,0.7452775827818016
Li6PSe5Cl,S-site,350,0.0004885527792013833,1.0077296419187312,0.19788389451696148,5339701271491.567,4.527705652646723,0.38024868187951444,0.2507571682820717,0.18250617634820757,-0.056802255253480434,-0.5374480341347829,-0.5887643612112765,-0.4006575492641025,0.7697271044909765
Li6PSe5Cl,S-site,400,0.0005074514066848224,0.9791081655883805,0.19332695158450075,4891054491739.049,4.759482440388246,0.39270022993231113,0.25644002549383477,0.19036644699556568,-0.013784936583415189,0.27227836395815347,-2.042410197142022,-2.1513215427252836,0.7639563769754083
Li6PSe5Cl,S-site,450,0.00048604179699909356,0.9906237654389746,0.20088379923015684,5172205121132.179,4.695690451014619,0.3846066866744022,0.25963974068424295,0.22455126851228963,0.02466669750163153,-0.32439902614629906,1.4239368585341203,1.5699164202999547,0.7668329437087946
Li6PSe5Cl,S-site,500,0.0004907988102110389,1.0158344525576033,0.19248947133272012,5168660334256.806,4.618281781224161,0.38961963737139443,0.2563280167529822,0.19189660972058556,0.050941501106022906,-0.27589286305165506,-1.1452888373690062,-1.0073424058431788,0.7333182017040832
Li6PSe5Cl,S-site,550,0.0005251315872662421,1.019027649956133,0.18576981244153706,5136065581612.563,4.616848451951604,0.3771343876305431,0.25366577498040005,0.24044916324139506,-0.010581775290523605,0.08827282532033749,3.8014348649729364,3.752884811046751,0.7770953099815922
Li6PSe5Cl,S-site,600,0.0004917123949864681,1.0217684294596519,0.2081864474803327,4948237779792.692,4.642470343348938,0.375662553263757,0.24516853701386876,0.19417227538861984,-0.0072264146099841236,-0.48194245457428314,-0.3835430339725623,-0.0943775612279924,0.6887619235875834
Li7PS3Br,Interstitial,300,0.0005333414866738286,0.9882697314873913,0.20534790031533545,4589241890070.356,4.520821226057529,0.4061547867590834,0.26422760987718746,0.2157130799662862,-0.012974485013483715,-0.16870572886594182,-3.853759759881891,-3.8031480412221086,0.7019014309278852
Li7PS3Br,Interstitial,350,0.0005151956075964879,1.02190934871562,0.1955221245177539,4752988876954.603,4.79492313265112,0.3978721604803675,0.2628999767732264,0.2122341868572349,-0.0011732129675717548,0.07734707897482138,1.6137003138332202,1.5866288361920329,0.7097695866970133
Li7PS3Br,Interstitial,400,0.00046759478486712035,0.993109520824761,0.19056270703521086,4869583404445.264,4.508503971722482,0.3839779585555324,0.26450015400019594,0.22023514818268983,-0.005547522226850687,0.2777905747389532,-3.1578159860643247,-3.268932215959906,0.7553046763735539
Li7PS3Br,Interstitial,450,0.000538897895266861,1.012723127362658,0.1945154491082966,5233617939169.192,4.493872062745143,0.36457868496807194,0.2370094974777212,0.23457872503027027,-0.02415643571084404,-0.15691091152249279,0.8402127313011025,0.9108226414862244,0.703050401788894
Li7PS3Br,Interstitial,500,0.0004978939915644898,1.008148169277232,0.2028542139247335,5132450836148.989,4.833946631379616,0.39945846005020463,0.2460752938143664,0.22567739504410872,0.018154734679376214,-0.2767799777353901,-1.1500330364434352,-1.01164304757574,0.7176140303975543
Li7PS3Br,Interstitial,550,0.0004975592311430683,1.0096255531853497,0.19265683724351934,4997810369298.91,4.580000464902204,0.37585284785996304,0.24119134851376298,0.1713949224716076,0.005374153055279158,0.7401408972320593,-1.7895044010625236,-2.1965818945401563,0.7505780517391536
Li7PS3Br,Interstitial,600,0.00047806751106217114,0.9884975574571102,0.1895560718742522,5118790793669.768,4.612151008892132,0.38074498635148313,0.2630307364756328,0.17788834852205593,0.0023626876466274808,-0.5303365220103535,2.3016595326736833,2.6198614458798954,0.7991571637368897
Li7PS3Br,Li-site,300,0.00046152794995504636,0.9856682333687864,0.20307142726245359,5040406375800.118,4.869469612575613,0.3849794902290393,0.26270215088768123,0.15891045008577698,0.0043684082748120705,0.0877054649377954,-5.188839269339961,-5.2151509088213,0.7661617469632042
Li7PS3Br,Li-site,350,0.0004955543044913101,0.9981038221276141,0.19707389849247456,4865889312778.878,4.766386836833551,0.38400719229667085,0.26416166694566545,0.26394326269963003,-0.019256771943776074,0.6388252907723942,-4.211382055728792,-4.434970907499129,0.763413832496746
Li7PS3Br,Li-site,400,0.0004981349705756011,0.9809530517392294,0.19647222912493512,4844173401389.708,4.585235919717736,0.38973124488343924,0.25881645585176644,0.2083717936581898,-0.001965524558885428,0.2760641534639503,2.2511553883802753,2.1407297269946954,0.7511263868267593
Li7PS3Br,Li-site,450,0.0004995233832423765,0.9833431902036752,0.18659910743934596,5123095387788.152,4.8384456245960505,0.37638503613394886,0.26814372538840253,0.21423521351624325,0.007461489293123298,-0.3019673890335404,-1.0751712560188926,-0.9392859309537996,0.740392544040844
Li7PS3Br,Li-site,500,0.0005184884313260422,1.0039046665731965,0.19777732726559893,4667525610693.385,4.780403431870171,0.3805471729114754,0.2661592299524603,0.23332124795541753,-0.01646506523089958,0.17718411860022099,0.46095059225190244,0.3723585329517921,0.7676985186865435
Li7PS3Br,Li-site,550,0.0004784850062027622,0.9840831893095914,0.193966953758481,4562192206323.912,4.711688542872239,0.40337039368031724,0.2652091396112503,0.2498186513296685,-0.025684368345795062,-0.5592337554145497,2.9546052317893685,3.2621837972673706,0.7708224649152091
Li7PS3Br,Li-site,600,0.0004970583032937392,1.006439158005239,0.19382315649499005,4803918196961.297,4.702664057485457,0.39170439690911146,0.24108774059693272,0.21397938742312944,0.0549581622812863,-0.13266495790924784,-1.7719243661735424,-1.6923253914279934,0.764696793977114
Li7PS3Br,P-site,300,0.0004933342956958143,0.9906596247937326,0.19440096963296827,5061199887370.859,4.767650088855521,0.3805647468959441,0.25273943577546687,0.19371411744345518,-0.0012383499662175664,0.3338458899389076,0.37193121504197496,0.27177744806030263,0.7172679804942322
Li7PS3Br,P-site,350,0.0005046754842452474,1.0034316736530249,0.1856911428000111,5271579622220.873,4.669902605613381,0.3749165961549062,0.2651267829282609,0.19078377918276102,-0.038678505202744365,0.12238024550367237,-1.4953594639826873,-1.5381925499089726,0.7409531782874117
Li7PS3Br,P-site,400,0.0005062959879651229,1.0103754962171567,0.19870985289929244,5423116556109.8,4.766880799597195,0.38343251982130755,0.24293860396887834,0.19851837547121043,-0.002292452055001947,-0.5364002701579025,-3.371797319707992,-3.1572372116448313,0.7464680375820915
Li7PS3Br,P-site,450,0.0004946499795241439,0.9990307641404435,0.20353353603195287,4640390029353.105,4.704631493141838,0.3928610155717064,0.24925134823459064,0.15227988582146235,-0.008976838288801008,0.2462012295409468,3.398269707426527,3.2874791541331008,0.7453092971872055
Li7PS3Br,P-site,500,0.0005272797469343632,1.0138723712913282,0.20314505687572357,4964436139716.088,4.637243902360238,0.36136225501074243,0.24147505681106932,0.2154913144059947,0.02639651503981146,0.2953097171484644,1.0255296863119037,0.8778748277376717,0.7454327527625904
Li7PS3Br,P-site,550,0.0004812796473803871,1.0275678751531852,0.18138085297418008,4975592440238.452,4.792940570881604,0.37155843974262526,0.2643261857184499,0.2095540956189823,0.014487164028678464,-1.029216350149451,1.3189359684871473,1.8850049610693451,0.7348086838625926
Li7PS3Br,P-site,600,0.0005259718654336138,0.9969226617052039,0.20167116207138636,5173244130346.645,4.7584618822948235,0.3954286145275803,0.25250482844095407,0.18518617399100673,0.009092789821228254,0.1990742413201795,0.9351134026532498,0.8156688578611424,0.7713283271775613
Li7PS3Br,S-site,300,0.0005369846272376726,1.017608931282245,0.1776154567476343,5036716705963.898,4.606787635808021,0.3811115155021003,0.24497883894013545,0.2007672155165937,0.018421430028705117,0.6217112919090865,-3.8449163644977444,-4.03142975207047,0.7926409419117155
Li7PS3Br,S-site,350,0.00045530843970931103,0.9859511625392228,0.1934697282392747,5018769395343.09,4.702419889269409,0.393234485456107,0.2435725950432814,0.21709835016083093,-0.0005954364539068852,-0.6154197651059825,1.3392781338362698,1.5546750516233634,0.7109160370349932
Li7PS3Br,S-site,400,0.0005298308326214968,0.9992637728095374,0.19882568391392816,5185183619531.341,4.745002430790141,0.368072175933425,0.2517772506290855,0.19332492387615038,0.01616590276493917,-0.383100169907028,2.6219897387978457,2.775229806760657,0.7555951950031355
Li7PS3Br,S-site,450,0.0005051936194520448,1.0210140999370425,0.19944108714075326,5077292409699.503,4.673767923959803,0.3903723390932057,0.24424616164545876,0.24922901371696898,0.03332673753136222,0.03417313334429179,1.3791363365261189,1.363758426521187,0.6907396060028129
Li7PS3Br,S-site,500,0.0005033837169686756,0.981099733342988,0.20930062205331088,4932441050743.95,4.568435290562722,0.3798391326797164,0.2503459228932692,0.21831487694734442,0.03267419412517728,0.153749077386062,2.1615399623885394,2.0846654236955087,0.67608612411078
Li7PS3Br,S-site,550,0.0005358071786099909,0.9983397265858962,0.20122796549364974,4692477026108.374,4.672249732582844,0.3934054170643632,0.27407707771290074,0.1504156866989017,0.012309985938112486,0.2500226683630547,-2.5841486742130333,-2.721661141812713,0.7634975373127961
Li7PS3Br,S-site,600,0.0005102734146679197,1.0153543997023367,0.1910233380174871,4864923146173.613,4.6942493868407515,0.401700186008055,0.24197462511563303,0.24347443291604196,-0.03172244744066706,-0.4717350455225774,0.30595096383106796,0.5889919911446145,0.7752422708884197
Li7PS3Cl,Interstitial,300,0.0005129275113714049,0.9997224531101134,0.19386275177013437,4547481618444.65,4.677015223649004,0.37876191364933454,0.2612740970354925,0.1820547877058279,-0.0080212329865697,0.41608285729572153,-1.129688818190011,-1.2545136753787278,0.7644758066225416
Li7PS3Cl,Interstitial,350,0.0005109153131758616,0.9801055873634434,0.19727949255509222,4790810230995.635,4.67489317207631,0.3619935434878687,0.24972922094035407,0.17692089706821756,-0.010902941814491224,0.4546961258379354,1.487601240724464,1.3284575966811867,0.7250101534420469
Li7PS3Cl,Interstitial,400,0.0004884833296452501,1.0136577249238203,0.19145114304905841,5126288756953.152,4.608251947633995,0.3613040018220333,0.2662451007601512,0.22156545894948448,0.02717064657512274,0.8942279980783744,1.5616438675047688,1.2039526682734192,0.7298896587407532
Li7PS3Cl,Interstitial,450,0.0004954541466968323,1.0033722394723636,0.19133752137970775,5493523753811.347,4.612178172757514,0.3847003914313552,0.2590274940829155,0.1694127292178251,0.014418735003952592,0.4427035757402357,-0.42429362305212753,-0.6235102321352334,0.7275455633904354
Li7PS3Cl,Interstitial,500,0.00047923246106165013,0.9987867955300134,0.2086566543948772,4782198086464.825,4.745131330689426,0.3799170631113904,0.25817845389152544,0.1967532830017925,-0.005863606373373924,-0.33007033145837605,1.5322916306523549,1.6973267963815426,0.7666683038918333
Li7PS3Cl,Interstitial,550,0.00047629247491233175,0.992577145616351,0.20541434376299172,5058489627706.614,4.684279688535363,0.3924134456416009,0.2489735521042314,0.21151364098984093,-0.00608426542374784,-0.2614066407567077,-0.286199633641899,-0.14242598122570976,0.7717333919184813
Li7PS3Cl,Interstitial,600,0.0005034558712020035,1.0049562398124907,0.1983638967569932,4993198720727.269,4.7112705521714044,0.3804281738453534,0.25387609845318754,0.16192337037990434,0.01282735774430816,0.8141461104823394,0.9755587387255963,0.4870710724361927,0.7720920963423238
Li7PS3Cl,Li-site,300,0.0005090890427561762,1.017915619541803,0.20514360859133182,4662885645865.716,4.8156371525449115,0.39191235999645696,0.243108000257337,0.21413934221964184,0.011789419912296562,0.06599323952082511,1.9476174758626896,1.927819504006442,0.7118735442105827
Li7PS3Cl,Li-site,350,0.0004893440361189664,1.001522252154955,0.18829794612948578,5025583958579.3125,4.817907434840717,0.3938475008477539,0.25718268669951605,0.19663003251234784,-0.008330950741932765,-0.11692755500739797,-0.9724380161400107,-0.9315133718874214,0.7498434679153549
Li7PS3Cl,Li-site,400,0.0004936086628344525,0.9843828807929282,0.188518215250719,4567462402819.741,4.665257107298022,0.3804548980820187,0.256072090741557,0.13887794377768228,0.04450323789680093,0.04040707777455765,2.11276479765366,2.0966019665438367,0.7292579813945557
Li7PS3Cl,Li-site,450,0.000488089903423553,1.022273717849064,0.1905294657721038,5061422797859.842,4.8481259627359,0.3695337096232791,0.24814375839409414,0.21861463304169634,-0.030007741730520194,-0.07343703639174534,3.508459720013231,3.5415063863895164,0.7098054192143217
Li7PS3Cl,Li-site,500,0.0005146066961989494,0.9982928833113485,0.2024545635837462,4584818041885.973,4.801420375111437,0.3988534565562434,0.25946210505763373,0.2274530681036826,-0.004115389888748676,0.16967165898919898,0.718690995108814,0.6338551656142145,0.7337029998345543
Li7PS3Cl,Li-site,550,0.0004934229130548636,1.0073327065550843,0.18532735288939828,4708485036557.686,4.5149936664067525,0.38260884178348076,0.2513396409140655,0.19358005190801578,0.03823614112411305,0.2142050601433849,-1.455197930864534,-1.5730107139433955,0.7250901279750144
Li7PS3Cl,Li-site,600,0.0004828829019967213,0.9936236452262068,0.18911399835478407,4946407835649.161,4.635546564118662,0.39607545207943334,0.2627257108994166,0.19088416742122077,0.006569478991607098,-0.5002398106927481,1.9145101815569685,2.2146540679726177,0.7517418239496325
Li7PS3Cl,P-site,300,0.000507257493005206,1.0132520258620847,0.20055199864883658,5343649908662.202,4.698513945656777,0.3859867866260277,0.2549881498230881,0.17351347181631022,0.005328476721002914,0.13835570470703382,1.5502200261899088,1.5087133147777985,0.757013803066928
Li7PS3Cl,P-site,350,0.0004765660499339159,1.0072810702293287,0.19607059634289406,5312364467642.348,4.893684622919543,0.37343858078319586,0.2663751587475094,0.22129131647955202,0.009820206412716234,0.4049425035269509,0.851437845114311,0.7097079688798782,0.7171482158777185
Li7PS3Cl,P-site,400,0.0005028442846977675,1.003128763522022,0.19527500049835145,4698556312821.731,4.59565724091059,0.40125487945062066,0.24474149957853444,0.21020345446741964,-0.008594989647593575,-0.10796316971153884,-0.1748149087453342,-0.1316296408607185,0.7250030962186405
Li7PS3Cl,P-site,450,0.0005072465272111748,1.022925145416279,0.19134797589466607,4907397914513.854,4.5162966645906595,0.37568218116184765,0.25484095438195,0.2137502917846092,0.010599318258811016,-0.3894747370731172,-0.08859002116378198,0.08667361051912088,0.7331756936847847
Li7PS3Cl,P-site,500,0.0005295246076253669,1.0188126985313468,0.20002050494287768,5339359701250.602,4.474716176842165,0.35611676932059627,0.24888242491057855,0.23444110009270547,-0.019235874838602722,-0.060315603691449976,-1.0648986090016164,-1.0347408071558912,0.7376787487108583
Li7PS3Cl,P-site,550,0.0004927856392581345,1.0052165331160123,0.17987564095614694,4986686019710.905,4.694024047811941,0.372733731895655,0.26370343555337095,0.1695013058793046,0.010494375577435143,-0.4910726506426611,1.6981036446566253,1.968193602510089,0.757883508508607
Li7PS3Cl,P-site,600,0.0005350539430018892,1.0120267915952197,0.19037801332123627,4660882562875.833,4.807068316877067,0.3651864143159408,0.24164766917514202,0.20739305445112752,-0.038530019636854165,0.4130565706854664,4.484405026775176,4.236571084363896,0.7711046557742495
Li7PS3Cl,S-site,300,0.00048813926089779557,1.007004240006122,0.1894730365647511,4777542741215.1875,4.649632370641124,0.3728783563025533,0.2616460244194859,0.2083137177326978,0.018896805322322668,-0.7990206980240553,-2.824511487460013,-2.5848052780527966,0.7477442060284928
Li7PS3Cl,S-site,350,0.0005175240685287556,0.9952425969893771,0.1998155748871978,5031902860774.231,4.828160430242142,0.3799290048504939,0.24832700222749932,0.20174066541478033,-0.017112357174555053,-0.7324261213205264,3.7772884069654027,4.033637549427587,0.7338341902107295
Li7PS3Cl,S-site,400,0.00049304687785021,0.9839520256533424,0.18152104639705963,4711707288892.453,4.697521603122751,0.3821245495908137,0.2707822235241248,0.21584603178723824,0.010596844667584315,-0.3551473129982041,-0.6700185512568819,-0.5279596260576005,0.7325489847089787
Li7PS3Cl,S-site,450,0.0004870255507043105,0.998653395445368,0.1953487960080659,5068144875678.81,4.757088661843299,0.3785021255007263,0.2518294103742782,0.15506053691519003,-0.03455051974079689,0.5249531983469952,-2.8303565473590795,-3.066585486615227,0.7818930629673377
Li7PS3Cl,S-site,500,0.0004869769721618419,0.9995748969371374,0.20200430358436391,5105025945595.541,4.6055827166812096,0.3824196419392944,0.25986725058236954,0.21198122515547538,-0.028009466126484948,0.010998834926090334,0.7303684431669187,0.7248690257038736,0.7390551567187761
Li7PS3Cl,S-site,550,0.0005132391101567594,1.011189462300587,0.19120055754189078,5131043368480.664,4.53867103601615,0.39508127744786276,0.24677300944891642,0.1814234733818772,-3.1632723142437984e-05,-0.7625224448983643,-1.2273519233851513,-0.8079645786910506,0.7474953792409699
Li7PS3Cl,S-site,600,0.0004719828595478714,0.9959822142610084,0.19006057990776712,4886190939348.125,4.592201159859642,0.4056633256904267,0.26644262374984157,0.20306979712004414,0.010428222933616744,-0.2944404589201653,0.891490172357854,1.0681544477099532,0.76025448652585
Li7PS3I,Interstitial,300,0.0004985669287461625,0.9991725860711688,0.1965461517072153,5239354810317.443,4.626346108363421,0.3770073633718998,0.2505572545627772,0.16521955087421278,0.038710218286330686,-0.41538600346032484,-0.5724991482118243,-0.44788334717372735,0.7152626839769627
Li7PS3I,Interstitial,350,0.0004845196105803375,1.0074762440708709,0.19929017424298479,4828253868146.846,4.81749333447067,0.35949566151163564,0.24243078633472645,0.1823651222239894,0.005822499319143715,0.41365569225938514,-0.16093726489504373,-0.3057167571858286,0.716419387513271
Li7PS3I,Interstitial,400,0.0005067159980563056,0.9861348047589599,0.1964045898857295,5061883995444.666,4.776851805677603,0.38969682647701276,0.2617807402081218,0.16723349785644032,0.026949571408352527,0.7839728032366338,-1.0388070243405538,-1.3523961456352076,0.7153617133389151
Li7PS3I,Interstitial,450,0.0005073041613784044,1.004222789611515,0.19607709602499948,4978777073404.448,4.475303180212116,0.4032347471259742,0.25660371957810796,0.2483045193408408,0.010767570387929104,-0.3145600580782602,-0.8778574392540436,-0.7363054131188264,0.7716717403180994
Li7PS3I,Interstitial,500,0.0005091091143474017,0.9967416216168523,0.20771735990296517,4741749860453.44,4.597088713571333,0.38730411139338183,0.25196876801330714,0.1826130119991802,-0.026908875287688983,-0.028131214400038445,2.2480436354819417,2.262109242681961,0.73964689821958
Li7PS3I,Interstitial,550,0.0005021810101231805,1.0053718833211651,0.19640958830939875,4681941371654.452,4.636142678457644,0.3913114661241438,0.25493737383098375,0.16079966722644207,0.021639299159113314,-0.6617519330155041,-0.010597020323609282,0.3533665428349182,0.7616512619997835
Li7PS3I,Interstitial,600,0.0004996651709699888,1.0129523360730779,0.19745082179201165,4992791857769.583,4.637713528281734,0.3792645240862149,0.2655084633046871,0.20449952508094732,-0.009448161399965222,-0.3398081293572736,0.5874839001419296,0.7913687777562938,0.7420598759336299
Li7PS3I,Li-site,300,0.00045531583890181474,0.9593325981484372,0.20554004571886278,4765005672201.804,4.706735698819465,0.42801517402263317,0.2568927935921502,0.1796829969830222,-0.005291097893643945,-0.38329260795604,-0.573588792611033,-0.45860101022422106,0.7692949958936969
Li7PS3I,Li-site,350,0.00047488268471030076,0.9936952279991513,0.20143411779758957,4562777908602.995,4.851123467569954,0.3864342216793603,0.25524223918981975,0.15914508952063539,-0.0018284686732485983,-0.152404711319896,-0.8973825023274039,-0.8440408533654405,0.7632135054093517
Li7PS3I,Li-site,400,0.0004955289771626065,0.9707672330732531,0.19296325649776433,4800287618445.154,4.722484900867513,0.3845303940374994,0.2568129460495939,0.1759885410418805,0.004017432753490162,-0.5918121295444634,1.1833494206504003,1.4200742724681858,0.772549506730197
Li7PS3I,Li-site,450,0.0004842433353589716,0.9772569420736492,0.20560881576455872,4603901590927.178,4.699089412100888,0.39742185144353487,0.2625715689236951,0.17902052147036496,0.02272346829125728,0.10846759071184571,-0.7929443226409162,-0.8417547384612469,0.6662207071604089
Li7PS3I,Li-site,500,0.0004979961625207243,1.0120885223474447,0.1908452235937929,5226625269258.709,4.62908860665515,0.37455147159727087,0.2589184581357379,0.11326249508276384,0.0075160436712393384,-1.0905840727088258,2.851555265184848,3.3968473015392613,0.7039342568154701
Li7PS3I,Li-site,550,0.000535768766797273,1.00638768834495,0.18890607517970492,4750991539674.735,4.654467276313561,0.3800498466686117,0.2485424636185606,0.21003334736635842,-0.010922769808113951,-0.02374722408998864,-1.677080603981506,-1.6640196307320123,0.7569868853374743
Li7PS3I,Li-site,600,0.0005144900288503473,1.0112266322827836,0.1964703551480715,4752431783568.326,4.867463075907372,0.37759466496856736,0.2594554486369955,0.23103976345426008,0.01919419616205442,0.5506056755908242,-1.479525018846031,-1.8098884242005253,0.7778784674729577
Li7PS3I,P-site,300,0.0005125263006065164,0.9980403053615406,0.1902570117277758,5419227759607.195,4.648840196589019,0.3740335034865585,0.2521211807595637,0.1746050037974043,-0.013718831361495687,-0.048298313335487016,-1.9056781264254075,-1.8911886324247615,0.7705408262295589
Li7PS3I,P-site,350,0.0004845278011712158,0.99508757090697,0.20362394976481826,4632038020701.235,4.738392014270477,0.3914544577977179,0.25839415733957205,0.21489620075140958,-0.0011580933641122258,0.026674317675403573,-0.9005810319978829,-0.9099170431842741,0.7236019395503915
Li7PS3I,P-site,400,0.0004979897894672845,1.0018194634728432,0.2045128573363072,4903441080981.378,4.822507211746477,0.3801525676575432,0.26023474030145083,0.20133251164760016,-0.033805254299302805,-0.29964072831543126,-0.9161727159423738,-0.7963164246162013,0.7198342424355635
Li7PS3I,P-site,450,0.0005112307178707593,0.984143359070998,0.1949911121488145,4787692309836.191,4.7206228833873904,0.3995249336137627,0.2627112133222307,0.21717007387179174,0.04310113280725424,-0.11071615354457848,-0.1800516531220981,-0.1302293840270379,0.7536663395791724
Li7PS3I,P-site,500,0.0004926239242207268,1.0010234792073593,0.19719279326359576,5176357497719.391,4.604558269202141,0.402609383292051,0.26401210629567246,0.19515571601735845,0.04751470491942296,0.47721276746965885,0.34948782521594013,0.11088144148111051,0.7352346732017075
Li7PS3I,P-site,550,0.00048189654372836165,0.9821552939913853,0.19082649431207604,4501216942627.703,4.592900512587182,0.3847061073867919,0.2660122956962854,0.23086816649705727,-0.005433641495172831,0.4398835296708676,-1.2292325727181301,-1.4711685140371076,0.7517508219192581
Li7PS3I,P-site,600,0.0005004194159304857,0.990894132474932,0.20073732378960646,5150371431822.474,4.581639212180718,0.3442271031321919,0.2728244684145465,0.17169396119303942,0.01239207412991186,-0.32890083761431527,-0.02095086658555033,0.17638963598303883,0.7404760484089588
Li7PS3I,S-site,300,0.00047858647537133846,0.9875461789759256,0.1975729279794147,4817554335205.596,4.686818863917503,0.387507766725937,0.260582143278738,0.1878070874276532,0.01553294716010547,0.06709652579016956,3.629362668256097,3.6092337105190455,0.7312796870501728
Li7PS3I,S-site,350,0.00047981230428371414,0.9958635075081043,0.18770269443583695,5120480800728.322,4.469679565081996,0.40173451879415595,0.25655248240633605,0.15955238445608302,-0.01649622808313697,0.46728607789174115,3.1094895744436055,2.945939447181496,0.7405848443211296
Li7PS3I,S-site,400,0.0005027206856148106,0.9980804121087733,0.20209003665947986,5186023011936.837,4.600835547170868,0.37168097858858434,0.25589689173280245,0.2053628441216523,-0.009319653087535396,0.4679128082804196,-2.569478299252277,-2.7566434225644443,0.7178507301229937
Li7PS3I,S-site,450,0.0005404759651637389,1.0011743213847746,0.2040495877812246,5116305993097.029,4.644409328502199,0.3871239880103692,0.27606101514689696,0.1764985180680869,-0.050591198984683304,-0.22565031863055982,1.118943509204433,1.220486152588185,0.7059671520241279
Li7PS3I,S-site,500,0.0005118184206000748,1.007762893849979,0.1932260756495162,5115080918180.83,4.547041188108568,0.3996904042402473,0.2634174259948616,0.16927916922102035,-0.01683208920966584,0.1717385586463249,-0.4640597376419323,-0.5499290169650949,0.6641564220909006
Li7PS3I,S-site,550,0.0004883289553790522,1.0058204082293987,0.1906688784471251,5173355385784.124,4.6355568858166825,0.38101796835480506,0.26181958428916174,0.21471628814461388,-0.05089695977615304,-0.31956640582740553,5.439643049658458,5.615404572863531,0.7168640230537314
Li7PS3I,S-site,600,0.0005019809822192713,0.9962961115559793,0.20199198552852504,5025402896956.729,4.775870779036178,0.3863017797685386,0.25499793065320586,0.16574234794852927,0.034118558311113066,-0.5455346961502687,2.4626093849111537,2.789930202601315,0.7468130605967059
Li7PSe3Br,Interstitial,300,0.0005187739157136668,0.9912150122607407,0.20373237664703792,5069466135161.255,4.641243418707541,0.37423925615405085,0.26380052364163326,0.24263978578060086,0.01111239569450574,-0.1637425155302619,-2.5036684027372247,-2.454545648078146,0.7658959138052056
Li7PSe3Br,Interstitial,350,0.0005139161596555341,1.0103926510500933,0.199565740604408,4993942869883.34,4.7574315928805,0.39282296535164973,0.2573299047431656,0.17603863754023433,-0.009691938671711762,-0.1465275795756098,4.271640780692497,4.322925433543961,0.719339181619077
Li7PSe3Br,Interstitial,400,0.0005039298045390912,1.0063975268510044,0.19301199134775515,5395598009987.717,4.700587150246063,0.3855074419277008,0.24882647625556797,0.1633736267446868,0.01881106264297586,0.43005579673403216,-0.5005222889695786,-0.6725446076631914,0.7113119617136726
Li7PSe3Br,Interstitial,450,0.0005162306075797746,1.016742654101971,0.19121289122509905,4803865153435.703,4.788345349993127,0.3725232771517719,0.2482712342918694,0.1922641942264132,0.004142836342761921,-0.3204189441582127,2.522220276851564,2.6664088017227594,0.7540652782189905
Li7PSe3Br,Interstitial,500,0.0005024843282507602,0.9970617421036196,0.19879356149180005,5222025631616.096,4.819968044349936,0.4086740750211194,0.25303996670720574,0.19610738504347955,0.018960138098839233,-0.7263779198563823,2.147595704476027,2.510784664404219,0.7608931881443087
Li7PSe3Br,Interstitial,550,0.0004795660831619869,1.002025382700125,0.18980254416924516,4943559568407.965,4.626984320811831,0.37912051900902466,0.25148592771363953,0.23265077211655483,0.005204730294204984,0.640038953008255,1.4796009335640952,1.1275795094095546,0.7434200899206659
Li7PSe3Br,Interstitial,600,0.0004924184653441796,0.9976960927234653,0.1984432091000497,5170061644818.104,4.601139224728927,0.385990894064957,0.2513123424664154,0.20951874856350283,-0.02181246071282733,-0.6447694992653946,1.389598318426026,1.7764600179852625,0.7698754380053039
Li7PSe3Br,Li-site,300,0.0005102864921907768,0.9916555461866943,0.18876995704217747,4965372242397.07,4.473487874715443,0.3947171014330429,0.2489323913090302,0.18693672283718027,0.014788513127615885,-0.13618860335504712,-1.2909350175157652,-1.2500784365092508,0.7286861146899715
Li7PSe3Br,Li-site,350,0.0004988898700753738,0.9913577690212878,0.19881854282813577,4900457750335.381,4.757772075833306,0.3797135779612502,0.24777970725953197,0.19798121292020926,-0.030423214877161826,0.7388565739679235,-2.9015650297829736,-3.1601648306717465,0.751787436058376
Li7PSe3Br,Li-site,400,0.00046712699701832554,0.9709914655286868,0.20819720220672194,4970433883552.5205,4.844044187798297,0.4069565370136038,0.24627502186063685,0.23565866261397064,-0.026474161404169676,-0.5501666887362635,-1.2576739527247163,-1.037607277230211,0.7700162536261341
Li7PSe3Br,Li-site,450,0.0004959382118701983,0.9942022505761352,0.1941757714267988,4841859826575.845,4.541314974316492,0.3983099479742824,0.2643413056964196,0.17134476512616373,-0.04333196580077817,-0.3076586333203978,-2.2061133708615146,-2.0676669858673358,0.7460581658906269
Li7PSe3Br,Li-site,500,0.0005321815849254002,1.0022711924780499,0.19317208391277246,5093155803665.656,4.7473999317816915,0.3728286656162081,0.2534923371593063,0.19601332914188993,-0.03777002846125562,0.5214980659804445,2.6257915579546807,2.3650425249644584,0.7588981887932175
Li7PSe3Br,Li-site,550,0.0005044032614937918,0.9850195114315526,0.19986396905379514,4595691656188.072,4.670532896364047,0.38614925163835473,0.2509581184450572,0.21802365390416042,-0.023313559160972847,-1.0597057848119058,1.3405934222818536,1.9234316039284016,0.7297682871955101
Li7PSe3Br,Li-site,600,0.000514159934462703,0.9991968843676888,0.20031490866622267,4830267033539.083,4.56954516758892,0.3762954585593694,0.2508213412344317,0.23095815818138993,0.002661475128964097,0.441435085106438,1.9467537270114652,1.6818926759476025,0.7585785369917344
Li7PSe3Br,P-site,300,0.00045870673855339186,1.0041674328960803,0.18659576177827403,5524947970353.25,4.695099304405419,0.38912753604255756,0.26526342309111267,0.20432731697288123,-0.005249493581847531,-0.5486954681626709,-1.0212436726191798,-0.8566350321703783,0.7595351659080206
Li7PSe3Br,P-site,350,0.0004782261792768102,1.0076202826198253,0.1814158911672553,4910243532598.222,4.6137287172653565,0.4069897509976679,0.2524501773839417,0.2561156094428506,-0.008522578276890663,0.10321136964646027,-0.387747205292388,-0.42387118466864904,0.7596653672834925
Li7PSe3Br,P-site,400,0.0005078650007108032,1.0114692875233342,0.19096853522187202,5200024470775.966,4.646356641721923,0.3690105222355402,0.25642324197605826,0.20803090807560673,0.02252592189551712,0.2397805309043346,-2.3342204595304166,-2.4301326718921503,0.724685965336571
Li7PSe3Br,P-site,450,0.0005013594288685908,1.0099667941794166,0.1899345980525641,4885954359947.209,4.820103068687933,0.38659186602293805,0.2481259569579563,0.20098251290832012,0.005482490482789074,-0.47941681166328987,-1.5358527721848054,-1.3201152069363251,0.7319018883145875
Li7PSe3Br,P-site,500,0.000456440699433115,0.978059986820617,0.19700647041105437,4794580487233.333,4.65604190681697,0.40486224546216515,0.25620638013309527,0.17924658036897625,0.02025526785501316,0.10850670599764993,0.16790253455431817,0.113649181555493,0.7496645236910536
Li7PSe3Br,P-site,550,0.0005305841408008197,1.0445027046878723,0.20505301960803085,5342615015115.406,4.7393932810565325,0.37542580373310686,0.260014294179544,0.22217752759104767,-0.012368323116551116,0.07246684728591381,-3.6920301000740587,-3.7318868660813114,0.7224088024123576
Li7PSe3Br,P-site,600,0.00047796332922078863,0.9983228426522145,0.2035976053738067,4618192270499.985,4.57163027593724,0.37602592136017626,0.24316177109949666,0.22347163915651358,0.017940953696418002,0.7838438431232368,-1.8012870817713968,-2.271593387645339,0.7177666939216929
Li7PSe3Br,S-site,300,0.0004584681636981083,1.0022695191555788,0.18791302277000027,4978224767138.422,4.614135120972436,0.38196596892544127,0.25302422433224614,0.17321681900292804,-0.04178895154707363,-0.5757368106186705,-1.3894551923157576,-1.2167341491301562,0.7244579584818094
Li7PSe3Br,S-site,350,0.0005059432455361721,1.0363078037966873,0.19789185619464372,5138464829977.58,4.453306437069884,0.3803337549148833,0.2635378441688588,0.17899703442427656,-0.0012496623793554033,-0.45170346488748475,-2.3699967165169817,-2.2119005038063624,0.7574740725018385
Li7PSe3Br,S-site,400,0.00047987863866427857,0.9930187913702491,0.19230617934560504,5054660080422.542,4.710609071169813,0.40732181108259385,0.2607154285083161,0.17154554592020793,-0.027426386943243508,0.23843542299507225,-1.1078412418042987,-1.2032154110023277,0.7687836834042228
Li7PSe3Br,S-site,450,0.0005011689264927991,1.0036417642610935,0.18646335621696833,4953450795891.374,4.628739628015769,0.3749958336169763,0.23988088812416009,0.20048646641194343,-0.022352436409734874,0.51025594974305,-0.1953291018168341,-0.42494427920120664,0.7765662259803507
Li7PSe3Br,S-site,500,0.00047656534876531234,0.9963797499825879,0.20645700208305123,5006042376754.494,4.658633484742626,0.38638492758425,0.2614921419368246,0.21867973278170993,-0.032356882283106514,0.28158274196044775,-0.4336858667660231,-0.5744772377462473,0.7561622890801862
Li7PSe3Br,S-site,550,0.0005099141424454555,0.9979944282305057,0.18976087503920247,4963670783997.417,4.7459370926472095,0.3878134381681152,0.25242830447601433,0.1758396957208916,0.016768773420050724,-0.01630918480728339,-2.4636377162638112,-2.4546676646198056,0.7362729685169289
Li7PSe3Br,S-site,600,0.0005089876458808256,1.0084933226184607,0.19385695560161778,4805622870811.167,4.693620252524199,0.38025111482469887,0.2557011808838359,0.2270855347521032,-0.0008115391339748882,0.1833678670805309,0.008780795238225466,-0.10123992501009325,0.7253959859282334
Li7PSe3Cl,Interstitial,300,0.00047961092722916183,0.975914386380314,0.2086541366889412,4769228103839.791,4.676658560573181,0.38484149039228316,0.2404031832927242,0.17312041715454887,-0.00039829764798900846,0.24797429385081346,0.5073753661740793,0.4329830780188354,0.757053138975188
Li7PSe3Cl,Interstitial,350,0.0005114508821236182,0.9986828653839788,0.1796337751963146,4858756281775.107,4.985137611499661,0.3832159192976409,0.24858579678920964,0.15434054025947083,-0.039604532449329634,0.6589685698266786,-1.735042678435194,-1.9656816778745314,0.7127018846394363
Li7PSe3Cl,Interstitial,400,0.00048793285159663864,0.9890350661654375,0.1974524435366443,5081572879439.787,4.736818835712618,0.4060221082508039,0.2521937004844473,0.19544121423029917,-0.00418824419045957,0.17218215707987913,0.8038344899352986,0.7349616271033468,0.7407781829092359
Li7PSe3Cl,Interstitial,450,0.0005003783608545301,1.0026524097881293,0.19190748016524775,4898149572597.754,4.856008700322694,0.3852234694431782,0.25138114495629116,0.19632949315446854,-0.0036071986294762483,-0.2217901627567245,2.18557553533325,2.285381108573776,0.7402004472717991
Li7PSe3Cl,Interstitial,500,0.0005184849750615021,1.0155848024776513,0.19921617101168368,5048351438394.748,4.721295614435977,0.38729494785370544,0.25278650044267176,0.23237613321530204,0.017929768781220934,0.43698485113197344,-2.997048761211033,-3.21554118677702,0.7529620681087504
Li7PSe3Cl,Interstitial,550,0.0005131061883302286,0.9901031004761084,0.19891341079977085,5042101033301.288,4.648934317587644,0.39416374883923727,0.2704252122453408,0.21919396793849033,-0.019185935638006753,0.15663754308283087,-0.44216651744057406,-0.528317166136131,0.7355151225531995
Li7PSe3Cl,Interstitial,600,0.0004970897280488049,1.0021565909489165,0.19668328450469544,4731145074373.355,4.667969039201061,0.39566866311209364,0.24743209903136357,0.19566743491496585,0.024711159739373337,-0.33579320507393356,-1.4891129389028126,-1.2876370158584527,0.7510575926309194
Li7PSe3Cl,Li-site,300,0.0004946055802387095,1.0000299504908772,0.19084319127542101,4968630740315.015,4.751732892188661,0.3958724492908871,0.25977920555915274,0.2040068899100588,0.047430627142829744,-0.10656789469278781,0.6707295642959884,0.7026999327038248,0.7700830011619776
Li7PSe3Cl,Li-site,350,0.0005058973689871342,0.9918835287015845,0.2021843024467461,4554693716730.6875,4.853473045303892,0.3807429937858723,0.2628087287434079,0.18112572657160908,-0.020020650963634735,0.18965782019961552,-2.3513861546878707,-2.4177663917577363,0.765892175016611
Li7PSe3Cl,Li-site,400,0.0005283096234606025,1.0254455333009873,0.18975611515658775,5108093656017.631,4.538611833301539,0.3691026092821443,0.25680186445197134,0.20609116999342822,-0.003932309826367298,-0.4349004696693107,-0.351667547814819,-0.17770735994709466,0.6980528137028856
Li7PSe3Cl,Li-site,450,0.0005083264906909678,1.009213274205407,0.18402390830994914,5020797865195.737,4.528680541881438,0.38941779331926685,0.24555550747465874,0.2064283800307202,-0.011303847365769688,0.1851666620752048,0.05507048728290175,-0.028254510650940447,0.7819389825423727
Li7PSe3Cl,Li-site,500,0.0005175319959960316,1.0003342777037991,0.1976489525701205,4723697981004.409,4.602015502333804,0.37785942843133935,0.26131593032513073,0.1840460913296553,-0.018788678922332217,-0.0407684734392264,2.4941521828628694,2.5145364195824826,0.749919422952158
Li7PSe3Cl,Li-site,550,0.0005155237932292411,1.0055228619164986,0.18478973596210027,4593872062240.665,4.717219711029527,0.37864044785677964,0.253589142483933,0.2170653522280551,0.0007932870039556824,-0.1819404052574434,2.0864669225388193,2.186534145430413,0.7225823015133651
Li7PSe3Cl,Li-site,600,0.0005139276654758039,0.9986830366675431,0.20632716708434132,5353037215737.96,4.658621244124904,0.3795825132716291,0.24739513662861487,0.1548014490392075,-0.02401264448416305,-0.01335836000105434,-3.4143891490235356,-3.406374133022903,0.7744382293851331
Li7PSe3Cl,P-site,300,0.0004913259648814608,0.9883970112351539,0.20553385381739508,4890460892727.01,4.550131787134229,0.3751713136812891,0.24910489015952067,0.17940739911404807,-0.0006427225900944701,-0.03548512705453981,-2.1645404336525327,-2.1538948955361703,0.7407649620865052
Li7PSe3Cl,P-site,350,0.0005007240086002159,1.0019182643500306,0.1949637233849981,5187374847833.529,4.588592642891541,0.4168765148053206,0.24421188359441243,0.20409254599134918,-0.01864807642459065,-0.2543505250835882,1.1026793074222543,1.19170199120151,0.752110410837567
Li7PSe3Cl,P-site,400,0.0005017415644147941,1.0219042584648212,0.1905842366036811,5135011971479.749,4.856768957039529,0.3802916757338915,0.25380263763276206,0.24579897670545603,-0.011449767981890136,0.3258354980138185,-1.788640478892608,-1.9189746780981354,0.7533485578484838
Li7PSe3Cl,P-site,450,0.0005092073601886822,0.9913585008301076,0.20428021911832617,4950728547992.921,4.812830182603967,0.38116972594203485,0.2549020029566914,0.18390579904187696,0.017275237363147188,-0.7720796643792145,1.0038336137416133,1.35126946271226,0.756969096687583
Li7PSe3Cl,P-site,500,0.00047198105886005025,0.9969224820343904,0.19696156822649952,4868640686142.537,4.733454209439868,0.3726815899104671,0.24099389107544353,0.1939892138362189,-0.014163122593819142,0.4957584290256715,-1.2939996688374493,-1.541878883350285,0.7108717924381865
Li7PSe3Cl,P-site,550,0.0005046091914510772,0.98093680490264,0.1962963045309947,4924334129357.908,4.932487006179487,0.39243021807552453,0.2527770203805728,0.20292653822027915,-0.00996363941527761,0.7609140998371081,-1.3450396825228403,-1.7635424374332496,0.750260966047684
Li7PSe3Cl,P-site,600,0.00046679955149580123,0.9885275236046349,0.1920714515356703,4848694025882.36,4.489830302512415,0.38765910166411105,0.2587060334966577,0.2024948887811163,0.028128336142391405,-0.5261501930468654,-1.4214174396807384,-1.10572732385262,0.7704437434715647
Li7PSe3Cl,S-site,300,0.0004984405057148819,0.9981935490636996,0.20062792956929096,5273109209671.805,4.532513284741637,0.3844627633085512,0.25969585585313,0.19898827997309154,-0.013133432971630991,-0.18082670218025582,-1.278849929728146,-1.2246019190740693,0.7245887032257963
Li7PSe3Cl,S-site,350,0.0005120134500562004,0.9933839787618738,0.19383047648256574,4992160183306.821,4.721581080283538,0.3782732483774909,0.2648074855911895,0.25187247350587355,0.02025070390005957,-0.05609963618072384,0.6652267475549793,0.6848616202182326,0.7489541307872402
Li7PSe3Cl,S-site,400,0.00044765742737038877,0.9683001344788381,0.1925226906533292,4708935266602.324,4.705263630848177,0.40202298220030797,0.25542706708729357,0.20550257161024538,-0.02281691440646879,-0.2474189936330733,-2.7504665470096037,-2.6514989495563746,0.7372036945073468
Li7PSe3Cl,S-site,450,0.0004812382806846906,0.9964540575017928,0.19742453072032828,4911976953775.621,4.577919543774149,0.40596178518643855,0.2504113158174346,0.205039772851923,0.02577820205585541,0.42569556869135006,-2.6308986558151766,-2.822461661726284,0.7854171437723593
Li7PSe3Cl,S-site,500,0.0004673641890612901,0.9843718129169307,0.19069383804374135,4895818583097.72,4.748848384481276,0.3953726463679627,0.2415181878617466,0.19670137863189724,-0.026271816869918304,-0.35908474645538246,1.2845212106993866,1.464063583927078,0.7492674194798805
Li7PSe3Cl,S-site,550,0.0004666466102466862,0.9859230716006515,0.20399800339045998,4991487293547.537,4.720239866907659,0.3852653283337882,0.2513778824193101,0.22334250450295656,0.029141641676316714,-0.45196322498894925,0.6872022566811047,0.9357820304250268,0.7956927201913601
Li7PSe3Cl,S-site,600,0.0004913306796116791,0.993224769893382,0.20975861832019627,5040422369178.961,4.50382748251346,0.3882790853408361,0.24960636301327188,0.21543590446903624,0.036230742657078124,0.17158863662131152,-1.5044671748959362,-1.607420356868723,0.7757813913627485
Li7PSe3I,Interstitial,300,0.0005218911738208008,1.00488245368875,0.18656702417372417,5357454465923.115,4.618874222412955,0.37858096147254494,0.2632810136406971,0.16804776028976126,0.009095367655367169,0.21630807432630578,-4.288697841603558,-4.3535902639014505,0.6844918352442843
Li7PSe3I,Interstitial,350,0.000499308769235163,0.9881093195821286,0.20413602922675803,5185467253523.905,4.617394618789955,0.3840800052421574,0.26234800018571974,0.18154670315371987,-0.0032847284101935673,-0.45519789853030423,-0.0715940544900436,0.08772520999556267,0.7249559344564522
Li7PSe3I,Interstitial,400,0.000515738563727774,1.0144579398565212,0.20115514971278378,5084202240917.4375,4.751823450179929,0.38623411535551844,0.2520176938228174,0.2625837222975131,-0.05505883844055484,-0.1617300294110407,1.8233669430486492,1.8880589548130653,0.753945733638011
Li7PSe3I,Interstitial,450,0.0004856861055919208,0.9907173483337736,0.19182693117708283,4785392392171.667,4.716157618750049,0.37820625369494365,0.2590069082677017,0.18022061254675242,0.02744000790319613,0.6683987885651306,-0.5768779133059023,-0.8776573681602109,0.6891741374871719
Li7PSe3I,Interstitial,500,0.000538017305665277,1.0124979415223354,0.1917992580709709,4787066162299.816,4.733220914619886,0.3976420751259723,0.26005253730099787,0.19615204205764775,0.016935954080033736,0.6234631412533903,-0.7230374902282074,-1.0347690608549027,0.7113517183742226
Li7PSe3I,Interstitial,550,0.0004900918830107122,1.0253502660384746,0.1955074327590095,5200913748187.095,4.74288884372753,0.3703370273410495,0.2646667824372266,0.19798082655191668,0.0009636421091235266,-0.7951703606772965,-0.700331632229589,-0.26298793385707603,0.7995524640696953
Li7PSe3I,Interstitial,600,0.0004906023478719814,1.000847321667011,0.20327374436820167,4948153352236.679,4.661268171260971,0.38420808680232804,0.24961522757586552,0.15899819867776274,-0.0007780507248805869,-0.1704152927355898,1.4714806440743984,1.5737298197157523,0.7357099623448845
Li7PSe3I,Li-site,300,0.00047337863471061436,1.006559881477937,0.1989576997652835,4764668392727.982,4.88801783183324,0.37018813753594665,0.24732824918952576,0.2338995171304393,0.02649479163286878,-0.20983431711560108,1.1507559179330042,1.2137062130676846,0.727314644304414
Li7PSe3I,Li-site,350,0.0004746478896524692,0.9934307426966377,0.20152614777727443,4906508751369.385,4.6053701604376815,0.4031327707418778,0.2656306531095989,0.18922012323063245,-0.025285211412920106,-0.02617486401200723,2.1105442531565335,2.119705455560736,0.7056821240275895
Li7PSe3I,Li-site,400,0.000517564365476238,1.0106624375122564,0.19813853437673656,5177960381485.997,4.59277332909219,0.3843989492954927,0.25598879476693864,0.1991628792433151,-0.010116404961816735,0.0025986311120822355,-2.299935748086477,-2.3009752005313096,0.73739552703134
Li7PSe3I,Li-site,450,0.0005089729466957651,0.9951667011188213,0.19596698634874335,5098504380842.815,4.557436005933119,0.40689809645557007,0.2658132084885685,0.22884994979614476,0.012821799336420083,0.01826810049997074,0.26486690108580524,0.2566462558608184,0.7813878901786968
Li7PSe3I,Li-site,500,0.0005121039166353228,0.9932091807933369,0.19738857427756396,4943669624972.389,4.985876703707486,0.3869019009744368,0.24529901856395442,0.220809472190704,-0.0005651088149533545,-0.05967336005708627,2.848212096090511,2.878048776119054,0.7291560161641488
Li7PSe3I,Li-site,550,0.0005007704796636487,1.0097652076268726,0.1946767938967597,4807789911499.582,4.686149374414751,0.37588243750279504,0.262560629451101,0.19295036493098305,-0.033124494888699084,0.5550092813982782,1.7775888371564985,1.4723337323874452,0.7211968764274012
Li7PSe3I,Li-site,600,0.00047426601482344975,0.9781229178162683,0.19315709563311464,4832659961083.414,4.701438737080714,0.4021653902159673,0.26517883573859824,0.19655204025933384,-0.01600263413134856,-0.3537648140934927,0.24317024090408634,0.4554291293601818,0.7933939246273412
Li7PSe3I,P-site,300,0.0005211326715801221,1.005709424247138,0.20590115547954996,5255163159664.711,4.574629926944115,0.37273237467330544,0.26303026274254615,0.23711197494828928,-0.01327539919059961,0.44034871091085787,-1.8503342665587528,-1.98243887983201,0.7438956386501689
Li7PSe3I,P-site,350,0.0004944472530750816,0.9899896451935312,0.19912815815992382,4903537876963.692,4.4618430987026,0.36694759230122176,0.25979995455033267,0.1997372206135235,-0.019886529780590082,-0.24633414642980037,0.7995751798603141,0.8857921311107442,0.7726631204889823
Li7PSe3I,P-site,400,0.0004982098741713303,1.0199858014374088,0.19685581027208993,5094266817637.711,4.713765251801772,0.37958158731463026,0.23749744598292452,0.23426004901047334,-0.01162710868804555,0.07978845438486483,-2.246290925196875,-2.2782063069508203,0.7183906545545545
Li7PSe3I,P-site,450,0.0005102151967193837,0.9975744760072286,0.20017193886490567,5137056782080.201,4.625819353365318,0.39579021313872303,0.2607142697155754,0.24005232486775802,-0.007646967666187498,-0.4284455006852248,0.010880027733511828,0.20368050304186303,0.7674997394079776
Li7PSe3I,P-site,500,0.0004656823316527578,1.0057951783609693,0.19911422083917169,5379295173639.492,4.842354561723942,0.38431888746999254,0.25551639069604065,0.20232006961971383,0.0076451186408538815,-0.004135180370749276,-1.0166795405025288,-1.0146119503171542,0.6998805012523143
Li7PSe3I,P-site,550,0.00048598391581075535,0.9995421205888209,0.19344676524184223,4843216688151.319,4.788762696171885,0.38740506717578593,0.2571947039353042,0.18626079012886265,-0.026405466866256555,-0.44862830731220343,2.6281765837159727,2.874922152737685,0.7607253838062373
Li7PSe3I,P-site,600,0.0005075530576322436,1.0299709491992581,0.1973155140061566,4994877656195.002,4.60170678532165,0.36128345213324653,0.2470223128078275,0.2549635904346933,0.0020941092717487366,0.0011957463691985816,0.024070120739793102,0.023352672918273986,0.7581469634081032
Li7PSe3I,S-site,300,0.0005311260087783221,1.011373338005683,0.18459075031542346,5085129315954.876,4.733348930473079,0.3787673455090473,0.26051310521116705,0.2005333677190081,0.027667138862967552,0.14507435234435323,-0.31850055101648267,-0.3620228567197888,0.694047459476585
Li7PSe3I,S-site,350,0.0004918048265520957,0.995564376389166,0.19767812014156486,4797964102040.194,4.658619316176206,0.3932278133527789,0.26454993322998543,0.20371264177564238,-0.030591004052012823,-0.22503650868146052,1.9857741667549436,2.064536944793455,0.7421499066768104
Li7PSe3I,S-site,400,0.0005256331372749393,0.9960974335860846,0.19831380709266985,5218661227742.408,4.7815880264624,0.3911707588317105,0.25629650609789945,0.2226179911805324,0.026015393260100963,0.04768873655570596,-1.4013018255810041,-1.4203773202032863,0.7379212593982662
Li7PSe3I,S-site,450,0.0005229216340430419,0.998262913927854,0.20528468738383107,4796970643850.895,4.749577723309322,0.3827019540887567,0.25212455177653037,0.21125296879367877,-0.014832932554408785,-0.28230631116581034,1.3711847789894602,1.4982226190140748,0.7170676146148649
Li7PSe3I,S-site,500,0.0004903174091534421,1.0229146400342857,0.2081157285284808,5465701861080.386,4.849790277692579,0.369087003954632,0.2540183597150208,0.1842868413770304,-0.008491463161526918,0.046885251078284916,2.5435001290317856,2.5200575034926427,0.7797264694404463
Li7PSe3I,S-site,550,0.0004802939680626391,1.0014734676841783,0.192623400921424,4773154920548.071,4.76524752581841,0.39031789431695335,0.250839941608698,0.21874890271916048,0.007041943379704302,0.9395313306244023,-0.47938075894041376,-0.9961229907838349,0.726763226226839
Li7PSe3I,S-site,600,0.0005085886480345467,1.000778743405572,0.2047971828204493,4752044747812.372,4.857547859032561,0.4001189999531689,0.2517086059311444,0.2419839246227928,0.027928084711109014,-0.3284779955669857,-0.15179179510022292,0.04529500223996848,0.750867104635644
